index,name,isin,url,keyword,sheet
10,Core EURO STOXX 50 UCITS ETF EUR Acc,LU1681047236,https://www.hl.co.uk/shares/shares-search-results/a/amundi-core-euro-stoxx-50-ucits-etf-eur-acc/company-information,"This stock can be held in a Stocks and Shares ISA, Lifetime ISA, SIPP or Fund and Share Account",ETF
15,Core US Tips DR UCITS ETF Monthly Hedged D-GBP,LU1452600601,https://www.hl.co.uk/shares/shares-search-results/a/amundi-core-us-tips-dr-ucits-etf-monthly-he/company-information,"This stock can be held in a Stocks and Shares ISA, Lifetime ISA, SIPP or Fund and Share Account",ETF
20,Euro Stoxx 50 (DR) UCITS ETF Acc,FR0007054358,https://www.hl.co.uk/shares/shares-search-results/a/amundi-euro-stoxx-50-dr-ucits-etf-acc/company-information,"This stock can be held in a Stocks and Shares ISA, Lifetime ISA, SIPP or Fund and Share Account",ETF
25,FTSE 100 UCITS ETF (GBP) Dist,LU1650492256,https://www.hl.co.uk/shares/shares-search-results/a/amundi-ftse-100-ucits-etf-gbp-dist/company-information,"This stock can be held in a Stocks and Shares ISA, Lifetime ISA, SIPP or Fund and Share Account",ETF
30,German Bund Daily (-2x) Inverse UCITS ETF Acc,FR0010869578,https://www.hl.co.uk/shares/shares-search-results/l/lyxor-bund-daily--2x-inverse-ucits-etf-ac/company-information,"This stock can be held in a Stocks and Shares ISA, Lifetime ISA, SIPP or Fund and Share Account",ETF
35,Global Luxury UCITS ETF USD Acc,LU1681048713,https://www.hl.co.uk/shares/shares-search-results/a/amundi-global-luxury-ucits-etf-usd-acc/company-information,"This stock can be held in a Stocks and Shares ISA, Lifetime ISA, SIPP or Fund and Share Account",ETF
40,JPX-Nikkei 400 UCITS ETF Acc (GBP),LU1681039308,https://www.hl.co.uk/shares/shares-search-results/a/amundi-jpx-nikkei-400-ucits-etf-acc-gbp/company-information,"This stock can be held in a Stocks and Shares ISA, Lifetime ISA, SIPP or Fund and Share Account",ETF
45,MSCI China UCITS ETF Acc,LU1841731745,https://www.hl.co.uk/shares/shares-search-results/a/amundi-msci-china-ucits-etf-acc/company-information,"This stock can be held in a Stocks and Shares ISA, Lifetime ISA, SIPP or Fund and Share Account",ETF
50,MSCI Emerging Markets III UCITS ETF USD Acc,FR0010435297,https://www.hl.co.uk/shares/shares-search-results/a/amundi-msci-emerging-markets-iii-ucits-etf/company-information,"This stock can be held in a Stocks and Shares ISA, Lifetime ISA, SIPP or Fund and Share Account",ETF
55,MSCI Greece UCITS ETF Dist,FR0010405431,https://www.hl.co.uk/shares/shares-search-results/a/amundi-msci-greece-ucits-etf-dist/company-information,"This stock can be held in a Stocks and Shares ISA, Lifetime ISA, SIPP or Fund and Share Account",ETF
60,MSCI Japan ESG Leaders Extra (DR) UCITS ETF,LU1646359619,https://www.hl.co.uk/shares/shares-search-results/a/amundi-msci-japan-esg-leaders-extra-dr-uc/company-information,"This stock can be held in a Stocks and Shares ISA, Lifetime ISA, SIPP or Fund and Share Account",ETF
65,MSCI Pacific Ex Japan SRI PAB UCITS ETF,LU1602145036,https://www.hl.co.uk/shares/shares-search-results/a/amundi-index-msci-pacific-ex-japan-sri-pab/company-information,"This stock can be held in a Stocks and Shares ISA, Lifetime ISA, SIPP or Fund and Share Account",ETF
70,MSCI UK IMI SRI UCITS ETF - GBP,LU1437025296,https://www.hl.co.uk/shares/shares-search-results/a/amundi-msci-uk-imi-sri-ucits-etf-gbp/company-information,"This stock can be held in a Stocks and Shares ISA, Lifetime ISA, SIPP or Fund and Share Account",ETF
75,MSCI World Information Technology TR UCITS ETF,LU0533033741,https://www.hl.co.uk/shares/shares-search-results/a/amundi-msci-world-information-technology-tr/company-information,"This stock can be held in a Stocks and Shares ISA, Lifetime ISA, SIPP or Fund and Share Account",ETF
80,Nasdaq-100 Swap UCITS ETF - USD (C),LU1681038326,https://www.hl.co.uk/shares/shares-search-results/a/amundi-nasdaq-100-swap-ucits-etf-usd-c/company-information,"This stock can be held in a Stocks and Shares ISA, Lifetime ISA, SIPP or Fund and Share Account",ETF
85,S&P 500 UCITS ETF Hedged to GBP Dis,LU1950341179,https://www.hl.co.uk/shares/shares-search-results/a/amundi-s-and-p-500-ucits-etf-hedged-to-gbp-dis/company-information,"This stock can be held in a Stocks and Shares ISA, Lifetime ISA, SIPP or Fund and Share Account",ETF
90,Smart Overnight Return UCITS ETF Acc GBP,LU1230136894,https://www.hl.co.uk/shares/shares-search-results/a/amundi-smart-overnight-return-ucits-etf-gbp/company-information,"This stock can be held in a Stocks and Shares ISA, Lifetime ISA, SIPP or Fund and Share Account",ETF
95,US Treasury 10+Y (DR) UCITS ETF Dist,LU1407890620,https://www.hl.co.uk/shares/shares-search-results/a/amundi-us-treasury-10y-dr-ucits-etf-dist/company-information,"This stock can be held in a Stocks and Shares ISA, Lifetime ISA, SIPP or Fund and Share Account",ETF
100,MSCI North America ESG Climate Net Zero Ambi UCITS,IE000MYCJA42,https://www.hl.co.uk/shares/shares-search-results/a/amundi-msci-north-america-esg-climate-net/company-information,"This stock can be held in a Stocks and Shares ISA, Lifetime ISA, SIPP or Fund and Share Account",ETF
105,Prime All Country World UCITS ETF Dis,IE0009HF1MK9,https://www.hl.co.uk/shares/shares-search-results/a/amundi-prime-all-country-world-ucits-etf-di/company-information,"This stock can be held in a Stocks and Shares ISA, Lifetime ISA, SIPP or Fund and Share Account",ETF
110,Italy BTP Daily (-2x) Inverse UCITS ETF Acc,FR0011023621,https://www.hl.co.uk/shares/shares-search-results/a/amundi-italy-btp-daily--2x-inverse-ucits/company-information,"This stock can be held in a Stocks and Shares ISA, Lifetime ISA, SIPP or Fund and Share Account",ETF
115,S&P Global Energy Carbon Reduced UCITS ETF,IE000J0LN0R5,https://www.hl.co.uk/shares/shares-search-results/a/amundi-s-and-p-global-energy-carbon-reduced/company-information,"This stock can be held in a Stocks and Shares ISA, Lifetime ISA, SIPP or Fund and Share Account",ETF
120,Genomic Revolution UCITS ETF,IE000O5M6XO1,https://www.hl.co.uk/shares/shares-search-results/a/ark-genomic-revolution-ucits-etf/company-information,"This stock can be held in a Stocks and Shares ISA, Lifetime ISA, SIPP or Fund and Share Account",ETF
125,Emerging Markets Equity UCITS ETF,IE000K975W13,https://www.hl.co.uk/shares/shares-search-results/a/avantis-emerging-markets-equity-ucits-etf/company-information,"This stock can be held in a Stocks and Shares ISA, Lifetime ISA, SIPP or Fund and Share Account",ETF
130,Global Targeted Value UCITS ETF USD Acc,IE000S67ID55,https://www.hl.co.uk/shares/shares-search-results/d/dimensional-global-targeted-value-ucits-etf/company-information,"This stock can be held in a Stocks and Shares ISA, Lifetime ISA, SIPP or Fund and Share Account",ETF
135,Europe Quality Income UCITS ETF Hedged Acc,IE00BYSX4408,https://www.hl.co.uk/shares/shares-search-results/f/fidelity-europe-qlty-income-ucits-etf-hdgd/company-information,"This stock can be held in a Stocks and Shares ISA, Lifetime ISA, SIPP or Fund and Share Account",ETF
140,Global Quality Income UCITS ETF Inc,IE00BYXVGZ48,https://www.hl.co.uk/shares/shares-search-results/f/fidelity-global-quality-income-ucits-etf/company-information,"This stock can be held in a Stocks and Shares ISA, Lifetime ISA, SIPP or Fund and Share Account",ETF
145,US Quality Income UCITS ETF Acc,IE00BYXVGY31,https://www.hl.co.uk/shares/shares-search-results/f/fidelity-ucits-icav-us-quality-income-acc/company-information,"This stock can be held in a Stocks and Shares ISA, Lifetime ISA, SIPP or Fund and Share Account",ETF
150,Capital Strength UCITS ETF Class A Acc,IE00BL0L0D23,https://www.hl.co.uk/shares/shares-search-results/f/first-trust-capital-strength-ucits-etf/company-information,"This stock can be held in a Stocks and Shares ISA, Lifetime ISA, SIPP or Fund and Share Account",ETF
155,Emerging Markets AlphaDEX UCITS ETF Acc,IE00B8X9NX34,https://www.hl.co.uk/shares/shares-search-results/f/first-trust-emerging-markets-alphadex-ucits/company-information,"This stock can be held in a Stocks and Shares ISA, Lifetime ISA, SIPP or Fund and Share Account",ETF
160,Indxx NextG UCITS ETF,IE00BWTNM743,https://www.hl.co.uk/shares/shares-search-results/f/first-trust-indxx-nextg-ucits-etf/company-information,"This stock can be held in a Stocks and Shares ISA, Lifetime ISA, SIPP or Fund and Share Account",ETF
165,US Equity Income UCITS ETF,IE00BZBW4Z27,https://www.hl.co.uk/shares/shares-search-results/f/first-trust-us-equity-income-ucits-etf/company-information,"This stock can be held in a Stocks and Shares ISA, Lifetime ISA, SIPP or Fund and Share Account",ETF
170,FTSE Brazil UCITS ETF,IE00BHZRQY00,https://www.hl.co.uk/shares/shares-search-results/f/franklin-ftse-brazil-ucits-etf/company-information,"This stock can be held in a Stocks and Shares ISA, Lifetime ISA, SIPP or Fund and Share Account",ETF
175,Global Dividend UCITS ETF,IE00BF2B0M76,https://www.hl.co.uk/shares/shares-search-results/f/franklin-global-dividend-ucits-etf/company-information,"This stock can be held in a Stocks and Shares ISA, Lifetime ISA, SIPP or Fund and Share Account",ETF
180,European Infrastructure Development UCITS ETF,IE000PS0J481,https://www.hl.co.uk/shares/shares-search-results/g/global-x-european-infrastructure-dev-ucits/company-information,"This stock can be held in a Stocks and Shares ISA, Lifetime ISA, SIPP or Fund and Share Account",ETF
185,Clean Water UCITS ETF USD Acc (GBP),IE000BWKUES1,https://www.hl.co.uk/shares/shares-search-results/g/global-x-clean-water-ucits-etf-usd-acc-gbp/company-information,"This stock can be held in a Stocks and Shares ISA, Lifetime ISA, SIPP or Fund and Share Account",ETF
190,Data Center REITS & Digital Infrastructure UCITS,IE00BMH5Y327,https://www.hl.co.uk/shares/shares-search-results/g/global-x-data-center-reits-and-digital-infra/company-information,"This stock can be held in a Stocks and Shares ISA, Lifetime ISA, SIPP or Fund and Share Account",ETF
195,Genomics & Biotechnology UCITS ETF USD Acc,IE00BM8R0N95,https://www.hl.co.uk/shares/shares-search-results/g/global-x-genomics-and-bio-ucits-etf-usd/company-information,"This stock can be held in a Stocks and Shares ISA, Lifetime ISA, SIPP or Fund and Share Account",ETF
200,Nasdaq 100 Covered Call UCITS ETF Dis,IE00BM8R0J59,https://www.hl.co.uk/shares/shares-search-results/g/global-x-nasdaq-100-covered-call-ucits-etf/company-information,"This stock can be held in a Stocks and Shares ISA, Lifetime ISA, SIPP or Fund and Share Account",ETF
205,Solar UCITS ETF USD Acc (GBP),IE000XD7KCJ7,https://www.hl.co.uk/shares/shares-search-results/g/global-x-solar-ucits-etf-usd-acc-gbp/company-information,"This stock can be held in a Stocks and Shares ISA, Lifetime ISA, SIPP or Fund and Share Account",ETF
210,Video Games & Esports UCITS ETF,IE00BLR6Q650,https://www.hl.co.uk/shares/shares-search-results/g/global-x-video-games-and-esports-ucits-etf-gb/company-information,"This stock can be held in a Stocks and Shares ISA, Lifetime ISA, SIPP or Fund and Share Account",ETF
215,Alerian Midstream Energy Div UCITS ETF,IE00BKPTXQ89,https://www.hl.co.uk/shares/shares-search-results/h/hanetf-alerian-midstream-energy-div-ucits/company-information,"This stock can be held in a Stocks and Shares ISA, Lifetime ISA, SIPP or Fund and Share Account",ETF
220,Future Of Defence UCITS ETF USD Acc,IE000OJ5TQP4,https://www.hl.co.uk/shares/shares-search-results/h/hanetf-future-of-defence-ucits-etf-usd-acc/company-information,"This stock can be held in a Stocks and Shares ISA, Lifetime ISA, SIPP or Fund and Share Account",ETF
225,Group Web 3.0 UCITS ETF,IE000KDY10O3,https://www.hl.co.uk/shares/shares-search-results/h/hanetf-group-web-3.0-ucits-etf/company-information,"This stock can be held in a Stocks and Shares ISA, Lifetime ISA, SIPP or Fund and Share Account",ETF
230,Jupiter Origin Global Smaller Companies UCITS ETF,IE000AN3AFZ1,https://www.hl.co.uk/shares/shares-search-results/h/hanetf-jupiter-origin-global-smaller-compan/company-information,"This stock can be held in a Stocks and Shares ISA, Lifetime ISA, SIPP or Fund and Share Account",ETF
235,Sprott Pure Play Copper Miners UCITS ETF Acc,IE000IQQEL77,https://www.hl.co.uk/shares/shares-search-results/s/sprott-pure-play-copper-miners-ucits-etf/company-information,"This stock can be held in a Stocks and Shares ISA, Lifetime ISA, SIPP or Fund and Share Account",ETF
240,US Global Investors Travel UCITS ETF Acc,IE00BMFNW783,https://www.hl.co.uk/shares/shares-search-results/h/hanetf-us-global-investors-travel-ucits-etf/company-information,"This stock can be held in a Stocks and Shares ISA, Lifetime ISA, SIPP or Fund and Share Account",ETF
245,Royal Mint Responsibly Sourced Physical Gold ETC,XS2115336336,https://www.hl.co.uk/shares/shares-search-results/h/hanetf-royal-mint-responsibly-sourced-usd/company-information,"This stock can be held in a Stocks and Shares ISA, Lifetime ISA, SIPP or Fund and Share Account",ETF
250,EURO STOXX 50 UCITS ETF (GBP),IE00B4K6B022,https://www.hl.co.uk/shares/shares-search-results/h/hsbc-euro-stoxx-50-ucits-etf-gbp/company-information,"This stock can be held in a Stocks and Shares ISA, Lifetime ISA, SIPP or Fund and Share Account",ETF
255,Hang Seng Tech UCITS ETF,IE00BMWXKN31,https://www.hl.co.uk/shares/shares-search-results/h/hsbc-hang-seng-tech-ucits-etf/company-information,"This stock can be held in a Stocks and Shares ISA, Lifetime ISA, SIPP or Fund and Share Account",ETF
260,MSCI China A UCITS ETF,IE00BF4NQ904,https://www.hl.co.uk/shares/shares-search-results/h/hsbc-msci-china-a-ucits-etf/company-information,"This stock can be held in a Stocks and Shares ISA, Lifetime ISA, SIPP or Fund and Share Account",ETF
265,MSCI Europe Islamic ESG UCITS ETF EUR (Acc),IE000AGFZM58,https://www.hl.co.uk/shares/shares-search-results/h/hsbc-msci-europe-islamic-esg-ucits-etf-eur/company-information,"This stock can be held in a Stocks and Shares ISA, Lifetime ISA, SIPP or Fund and Share Account",ETF
270,MSCI Pacific Ex Japan UCITS ETF USD Acc,IE000SGVQIZ9,https://www.hl.co.uk/shares/shares-search-results/h/hsbc-msci-pacific-ex-japan-ucits-etf-usd-ac/company-information,"This stock can be held in a Stocks and Shares ISA, Lifetime ISA, SIPP or Fund and Share Account",ETF
275,MSCI World UCITS ETF (GBP),IE00B4X9L533,https://www.hl.co.uk/shares/shares-search-results/h/hsbc-msci-world-ucits-etf-gbp/company-information,"This stock can be held in a Stocks and Shares ISA, Lifetime ISA, SIPP or Fund and Share Account",ETF
280,NASDAQ Global Semiconductor UCITS ETF,IE000YDZG487,https://www.hl.co.uk/shares/shares-search-results/h/hsbc-nasdaq-global-semiconductor-ucits-etf/company-information,"This stock can be held in a Stocks and Shares ISA, Lifetime ISA, SIPP or Fund and Share Account",ETF
285,USA Sustainable Equity UCITS ETF,IE00BKY40J65,https://www.hl.co.uk/shares/shares-search-results/h/hsbc-usa-sustainable-equity-ucits-etf/company-information,"This stock can be held in a Stocks and Shares ISA, Lifetime ISA, SIPP or Fund and Share Account",ETF
290,Defence Innovation UCITS ETF,IE000BRM9046,https://www.hl.co.uk/shares/shares-search-results/i/invesco-defence-innovation-ucits-etf/company-information,"This stock can be held in a Stocks and Shares ISA, Lifetime ISA, SIPP or Fund and Share Account",ETF
295,Global Active Defensive ESG Equity UCITS ETF,IE000N42HDP2,https://www.hl.co.uk/shares/shares-search-results/i/invesco-global-active-defensive-esg-equity/company-information,"This stock can be held in a Stocks and Shares ISA, Lifetime ISA, SIPP or Fund and Share Account",ETF
300,MSCI China Tech All Shares Stock Connect UCITS ETF,IE00BM8QS095,https://www.hl.co.uk/shares/shares-search-results/i/invesco-msci-china-technology-all-shares/company-information,"This stock can be held in a Stocks and Shares ISA, Lifetime ISA, SIPP or Fund and Share Account",ETF
305,NASDAQ Next Generation 100 UCITS ETF,IE00BMD8KP97,https://www.hl.co.uk/shares/shares-search-results/i/invesco-nasdaq-next-generation-100-ucits/company-information,"This stock can be held in a Stocks and Shares ISA, Lifetime ISA, SIPP or Fund and Share Account",ETF
310,S&P 500 Equal Weight Index UCITS ETF Inc,IE00BM8QRY62,https://www.hl.co.uk/shares/shares-search-results/i/invesco-s-and-p-500-equal-weight-index-ucits-et/company-information,"This stock can be held in a Stocks and Shares ISA, Lifetime ISA, SIPP or Fund and Share Account",ETF
315,UK Gilts UCITS ETF GBP Acc,IE00BG0TQD32,https://www.hl.co.uk/shares/shares-search-results/i/invesco-uk-gilts-ucits-etf-gbp-acc/company-information,"This stock can be held in a Stocks and Shares ISA, Lifetime ISA, SIPP or Fund and Share Account",ETF
320,US Treasury Bond 3-7 Year UCITS ETF (Dist),IE00BF2FNQ44,https://www.hl.co.uk/shares/shares-search-results/i/invesco-us-treasury-bond-3-7-year-ucits-etf/company-information,"This stock can be held in a Stocks and Shares ISA, Lifetime ISA, SIPP or Fund and Share Account",ETF
325,USD IG Corp Bond ESG Climate ETF GBP HGDE,IE00BJ06C481,https://www.hl.co.uk/shares/shares-search-results/i/invesco-usd-ig-corp-bond-esg-climate-ucits/company-information,"This stock can be held in a Stocks and Shares ISA, Lifetime ISA, SIPP or Fund and Share Account",ETF
330,FTSE Emerging Markets High Div Low Vol UCITS ETF,IE00BYYXBF44,https://www.hl.co.uk/shares/shares-search-results/i/invesco-ftse-em-markets-high-div-low-vol/company-information,"This stock can be held in a Stocks and Shares ISA, Lifetime ISA, SIPP or Fund and Share Account",ETF
335,RAFI Europe Fundamental Value UCITS ETF Dist,IE00B23D8X81,https://www.hl.co.uk/shares/shares-search-results/i/invesco-rafi-europe-fundamental-value-ucits/company-information,"This stock can be held in a Stocks and Shares ISA, Lifetime ISA, SIPP or Fund and Share Account",ETF
340,US High Yield Fallen Angels UCITS ETF (GBP),IE00BD0Q9673,https://www.hl.co.uk/shares/shares-search-results/i/invesco-us-high-yield-fallen-angels-ucits/company-information,"This stock can be held in a Stocks and Shares ISA, Lifetime ISA, SIPP or Fund and Share Account",ETF
345,Consumer Staples S&P US Sel Sec Source UCITS ETF,IE00B435BG20,https://www.hl.co.uk/shares/shares-search-results/i/invesco-markets-consumer-staples-s-and-p-us-sel/company-information,"This stock can be held in a Stocks and Shares ISA, Lifetime ISA, SIPP or Fund and Share Account",ETF
350,EURO STOXX Optimised Banks UCITS ETF (GBP),IE00B3Q19T94,https://www.hl.co.uk/shares/shares-search-results/i/invesco-euro-stoxx-optimised-banks-ucits/company-information,"This stock can be held in a Stocks and Shares ISA, Lifetime ISA, SIPP or Fund and Share Account",ETF
355,GBP Corporate Bond UCITS ETF Dist,IE00BKW9SW28,https://www.hl.co.uk/shares/shares-search-results/i/invesco-gbp-corporate-bond-ucits-etf-dist/company-information,"This stock can be held in a Stocks and Shares ISA, Lifetime ISA, SIPP or Fund and Share Account",ETF
360,Industrials S&P US Select Sector UCITS ETF,IE00B3YC1100,https://www.hl.co.uk/shares/shares-search-results/i/invesco-markets-industrials-s-and-p-us-select/company-information,"This stock can be held in a Stocks and Shares ISA, Lifetime ISA, SIPP or Fund and Share Account",ETF
365,Morningstar US En Inf MLP UCITS ETF B USD,IE00B8CJW150,https://www.hl.co.uk/shares/shares-search-results/i/invesco-markets-plc-morningstar-us-en-inf/company-information,"This stock can be held in a Stocks and Shares ISA, Lifetime ISA, SIPP or Fund and Share Account",ETF
370,MSCI Emerging Markets UCITS ETF,IE00B3DWVS88,https://www.hl.co.uk/shares/shares-search-results/i/invesco-msci-emerging-markets-ucits-etf/company-information,"This stock can be held in a Stocks and Shares ISA, Lifetime ISA, SIPP or Fund and Share Account",ETF
375,NASDAQ Biotech UCITS ETF,IE00BQ70R696,https://www.hl.co.uk/shares/shares-search-results/i/invesco-markets-nasdaq-biotech-ucits-etf/company-information,"This stock can be held in a Stocks and Shares ISA, Lifetime ISA, SIPP or Fund and Share Account",ETF
380,S&P 500 Scrd & Scrnd Ucits Etf A,IE00BKS7L097,https://www.hl.co.uk/shares/shares-search-results/i/invesco-s-and-p-500-scrd-and-scrnd-ucits-etf-a/company-information,"This stock can be held in a Stocks and Shares ISA, Lifetime ISA, SIPP or Fund and Share Account",ETF
385,S&P SmallCap 600 UCITS ETF USD,IE00BH3YZ803,https://www.hl.co.uk/shares/shares-search-results/i/invesco-s-and-p-smallcap-600-ucits-etf-usd/company-information,"This stock can be held in a Stocks and Shares ISA, Lifetime ISA, SIPP or Fund and Share Account",ETF
390,Technology S&P US Select Sector UCITS ETF GBP,IE00B3VSSL01,https://www.hl.co.uk/shares/shares-search-results/i/invesco-technology-s-and-p-us-select-sector-etf/company-information,"This stock can be held in a Stocks and Shares ISA, Lifetime ISA, SIPP or Fund and Share Account",ETF
395,Diversified Commodity Swap UCITS ETF (DE),DE000A0H0728,https://www.hl.co.uk/shares/shares-search-results/i/ishares-diversified-commodity-swap-ucits/company-information,"This stock can be held in a Stocks and Shares ISA, Lifetime ISA, SIPP or Fund and Share Account",ETF
400,eb.rexx Government Germany 10.5+ UCITS ETF (DE),DE000A0D8Q31,https://www.hl.co.uk/shares/shares-search-results/i/ishares-eb.rexx-government-germany-10.5/company-information,"This stock can be held in a Stocks and Shares ISA, Lifetime ISA, SIPP or Fund and Share Account",ETF
405,Nikkei 225 UCITS ETF (DE),DE000A0H08D2,https://www.hl.co.uk/shares/shares-search-results/i/ishares-nikkei-225-ucits-etf-de/company-information,"This stock can be held in a Stocks and Shares ISA, Lifetime ISA, SIPP or Fund and Share Account",ETF
410,STOXX Europe 600 Basic Resources UCITS ETF (DE),DE000A0F5UK5,https://www.hl.co.uk/shares/shares-search-results/i/ishares-stoxx-europe-600-basic-resources/company-information,"This stock can be held in a Stocks and Shares ISA, Lifetime ISA, SIPP or Fund and Share Account",ETF
415,STOXX Europe 600 Real Estate UCITS ETF (DE),DE000A0Q4R44,https://www.hl.co.uk/shares/shares-search-results/i/ishares-stoxx-europe-600-real-estate-de/company-information,"This stock can be held in a Stocks and Shares ISA, Lifetime ISA, SIPP or Fund and Share Account",ETF
420,STOXX Europe 600 UCITS ETF (DE),DE0002635307,https://www.hl.co.uk/shares/shares-search-results/i/ishares-stoxx-europe-600-ucits-etf-de/company-information,"This stock can be held in a Stocks and Shares ISA, Lifetime ISA, SIPP or Fund and Share Account",ETF
425,BRIC 50 UCITS ETF USD (Dist),IE00B1W57M07,https://www.hl.co.uk/shares/shares-search-results/i/ishares-bric-50-ucits-etf-usd-dist-gbp/company-information,"This stock can be held in a Stocks and Shares ISA, Lifetime ISA, SIPP or Fund and Share Account",ETF
430,Corp Bond SRI 0-3YR UCITS ETF USD (Dist),IE00BZ048579,https://www.hl.co.uk/shares/shares-search-results/i/ishares-corp-bond-sri-0-3yr-ucits-etf-usd/company-information,"This stock can be held in a Stocks and Shares ISA, Lifetime ISA, SIPP or Fund and Share Account",ETF
435,Dow Jones Global Sustainability Screened UCITS ETF,IE00B57X3V84,https://www.hl.co.uk/shares/shares-search-results/i/ishares-dow-jones-global-sustainability-scr/company-information,"This stock can be held in a Stocks and Shares ISA, Lifetime ISA, SIPP or Fund and Share Account",ETF
440,Euro Government Bond 15-30yr UCITS ETF Dist (GBP),IE00B1FZS913,https://www.hl.co.uk/shares/shares-search-results/i/ishares-euro-gov-bond-15-30yr-ucits-etf-dis/company-information,"This stock can be held in a Stocks and Shares ISA, Lifetime ISA, SIPP or Fund and Share Account",ETF
445,FTSE MIB UCITS ETF (Dist),IE00B1XNH568,https://www.hl.co.uk/shares/shares-search-results/i/ishares-ii-plc-ftse-mib-ucits-etf-dist/company-information,"This stock can be held in a Stocks and Shares ISA, Lifetime ISA, SIPP or Fund and Share Account",ETF
450,Global Infrastructure UCITS ETF USD (Dist),IE00B1FZS467,https://www.hl.co.uk/shares/shares-search-results/i/ishares-global-infrastructure-ucits-etf-usd/company-information,"This stock can be held in a Stocks and Shares ISA, Lifetime ISA, SIPP or Fund and Share Account",ETF
455,iShares USD High Yield Corp Bond UCITS ETF USD,IE00BYXYYL56,https://www.hl.co.uk/shares/shares-search-results/i/ishares-usd-high-yield-corp-bond-etf-usd/company-information,"This stock can be held in a Stocks and Shares ISA, Lifetime ISA, SIPP or Fund and Share Account",ETF
460,MSCI AC Far East ex-Japan Small Cap UCITS ETF,IE00B2QWDR12,https://www.hl.co.uk/shares/shares-search-results/i/ishares-msci-ac-far-east-ex-japan-smallcap/company-information,"This stock can be held in a Stocks and Shares ISA, Lifetime ISA, SIPP or Fund and Share Account",ETF
465,MSCI Europe SRI UCITS ETF (GBP),IE00B52VJ196,https://www.hl.co.uk/shares/shares-search-results/i/ishares-msci-europe-sri-ucits-etf-gbp/company-information,"This stock can be held in a Stocks and Shares ISA, Lifetime ISA, SIPP or Fund and Share Account",ETF
470,MSCI World Islamic UCITS ETF USD (Dist),IE00B27YCN58,https://www.hl.co.uk/shares/shares-search-results/i/ishares-msci-world-islamic-ucits-etf-usd/company-information,"This stock can be held in a Stocks and Shares ISA, Lifetime ISA, SIPP or Fund and Share Account",ETF
475,US Property Yield UCITS ETF USD (Dist),IE00B1FZSF77,https://www.hl.co.uk/shares/shares-search-results/i/ishares-us-property-yield-ucits-etf-usd/company-information,"This stock can be held in a Stocks and Shares ISA, Lifetime ISA, SIPP or Fund and Share Account",ETF
480,USD High Yield Corp Bond UCITS ETF (Dist),IE00B4PY7Y77,https://www.hl.co.uk/shares/shares-search-results/i/ishares-usd-high-yield-corp-bond-ucits-usd/company-information,"This stock can be held in a Stocks and Shares ISA, Lifetime ISA, SIPP or Fund and Share Account",ETF
485,USD TIPS UCITS ETF Acc (USD),IE00B1FZSC47,https://www.hl.co.uk/shares/shares-search-results/i/ishares-usd-tips-ucits-etf-acc-usd/company-information,"This stock can be held in a Stocks and Shares ISA, Lifetime ISA, SIPP or Fund and Share Account",ETF
490,AI Adopters & Applications UCITS ETF USD Acc,IE000Q9W2IR3,https://www.hl.co.uk/shares/shares-search-results/i/ishares-ai-adopters-and-applications-ucits/company-information,"This stock can be held in a Stocks and Shares ISA, Lifetime ISA, SIPP or Fund and Share Account",ETF
495,Broad Global Govt Bond UCITS Hgd Dis ETF,IE000S6ZDHA0,https://www.hl.co.uk/shares/shares-search-results/i/ishares-broad-global-govt-bond-ucits-etf/company-information,"This stock can be held in a Stocks and Shares ISA, Lifetime ISA, SIPP or Fund and Share Account",ETF
500,Core Euro Corporate Bond UCITS ETF Dist,IE00B3F81R35,https://www.hl.co.uk/shares/shares-search-results/i/ishares-core-euro-corp-bond-ucits-etf-dist/company-information,"This stock can be held in a Stocks and Shares ISA, Lifetime ISA, SIPP or Fund and Share Account",ETF
505,Core MSCI Japan IMI UCITS ETF Acc,IE00B4L5YX21,https://www.hl.co.uk/shares/shares-search-results/i/ishares-core-msci-japan-imi-ucits-etf-usd/company-information,"This stock can be held in a Stocks and Shares ISA, Lifetime ISA, SIPP or Fund and Share Account",ETF
510,Emerging Asia Local Govt Bond UCITS ETF Dist (GBP),IE00B6QGFW01,https://www.hl.co.uk/shares/shares-search-results/i/ishares-emerging-asia-local-govt-bond-ucits/company-information,"This stock can be held in a Stocks and Shares ISA, Lifetime ISA, SIPP or Fund and Share Account",ETF
515,EUR Govt Bond 5-7yr UCITS ETF (Dist),IE00B4WXJG34,https://www.hl.co.uk/shares/shares-search-results/i/ishares-eur-govt-bond-5-7yr-ucits-etf-dist/company-information,"This stock can be held in a Stocks and Shares ISA, Lifetime ISA, SIPP or Fund and Share Account",ETF
520,Global Gov BD UCITS ETF GBP DIST HD,IE00BDFK3H31,https://www.hl.co.uk/shares/shares-search-results/i/ishares-iii-plc-global-gov-bd-ucits-etf-gbp/company-information,"This stock can be held in a Stocks and Shares ISA, Lifetime ISA, SIPP or Fund and Share Account",ETF
525,Global Inflation Linked Govt Bond UCITS ETF Acc,IE00B3B8PX14,https://www.hl.co.uk/shares/shares-search-results/i/ishares-global-inflation-linked-govt-bond/company-information,"This stock can be held in a Stocks and Shares ISA, Lifetime ISA, SIPP or Fund and Share Account",ETF
530,JPMorgan Emerging Mkt Local Govt Bond UCITS ETF,IE00B5M4WH52,https://www.hl.co.uk/shares/shares-search-results/i/ishares-jpm-emerging-mkt-local-govt-bond/company-information,"This stock can be held in a Stocks and Shares ISA, Lifetime ISA, SIPP or Fund and Share Account",ETF
535,MSCI Japan Small Cap UCITS ETF USD (Dist),IE00B2QWDY88,https://www.hl.co.uk/shares/shares-search-results/i/ishares-iii-msci-japan-smallcap2/company-information,"This stock can be held in a Stocks and Shares ISA, Lifetime ISA, SIPP or Fund and Share Account",ETF
540,MSCI South Africa UCITS ETF Acc (GBP),IE00B52XQP83,https://www.hl.co.uk/shares/shares-search-results/i/ishares-msci-south-africa-ucits-etf-gbp/company-information,"This stock can be held in a Stocks and Shares ISA, Lifetime ISA, SIPP or Fund and Share Account",ETF
545,S&P SmallCap 600 UCITS ETF USD (Dist),IE00B2QWCY14,https://www.hl.co.uk/shares/shares-search-results/i/ishares-s-and-p-smallcap-600-ucits-etf-usd/company-information,"This stock can be held in a Stocks and Shares ISA, Lifetime ISA, SIPP or Fund and Share Account",ETF
550,World Equity High Income Active UCITS ETF USD Inc,IE000KJPDY61,https://www.hl.co.uk/shares/shares-search-results/i/ishares-world-equity-high-income-active-uci/company-information,"This stock can be held in a Stocks and Shares ISA, Lifetime ISA, SIPP or Fund and Share Account",ETF
555,China CNY Bond UCITS ETF USD (Dist),IE00BYPC1H27,https://www.hl.co.uk/shares/shares-search-results/i/ishares-china-cny-bond-ucits-etf-usd-dist/company-information,"This stock can be held in a Stocks and Shares ISA, Lifetime ISA, SIPP or Fund and Share Account",ETF
560,Digitalisation UCITS ETF USD (GBP),IE00BYZK4883,https://www.hl.co.uk/shares/shares-search-results/i/ishares-iv-plc-digitalisation-ucits-etf-usd/company-information,"This stock can be held in a Stocks and Shares ISA, Lifetime ISA, SIPP or Fund and Share Account",ETF
565,Edge MSCI Europe Multifactor UCITS ETF Acc,IE00BZ0PKV06,https://www.hl.co.uk/shares/shares-search-results/i/ishares-edge-msci-europe-multifactor-ucits/company-information,"This stock can be held in a Stocks and Shares ISA, Lifetime ISA, SIPP or Fund and Share Account",ETF
570,Edge MSCI USA Multifactor UCITS ETF USD (Dist),IE00BG13YZ23,https://www.hl.co.uk/shares/shares-search-results/i/ishares-edge-msci-usa-multifactor-usd/company-information,"This stock can be held in a Stocks and Shares ISA, Lifetime ISA, SIPP or Fund and Share Account",ETF
575,Edge MSCI World Momentum Factor UCITS ETF Acc,IE00BP3QZ825,https://www.hl.co.uk/shares/shares-search-results/i/ishares-edge-msci-world-momentum-factor/company-information,"This stock can be held in a Stocks and Shares ISA, Lifetime ISA, SIPP or Fund and Share Account",ETF
580,Edge MSCI World Value Factor UCITS ETF (Dist),IE00BFYTYS33,https://www.hl.co.uk/shares/shares-search-results/i/ishares-edge-msci-world-value-factor-dist/company-information,"This stock can be held in a Stocks and Shares ISA, Lifetime ISA, SIPP or Fund and Share Account",ETF
585,GBP Ultrashort Bond UCITS ETF GBP Dist,IE00BCRY6441,https://www.hl.co.uk/shares/shares-search-results/i/ishares-gbp-ultrashort-bond-ucits-etf-gbp/company-information,"This stock can be held in a Stocks and Shares ISA, Lifetime ISA, SIPP or Fund and Share Account",ETF
590,iShares MSCI India UCITS ETF - USD (Acc),IE00BZCQB185,https://www.hl.co.uk/shares/shares-search-results/i/ishares-iv-plc-msci-india-ucits-etf-usd-acc/company-information,"This stock can be held in a Stocks and Shares ISA, Lifetime ISA, SIPP or Fund and Share Account",ETF
595,MSCI China A UCITS ETF USD,IE00BQT3WG13,https://www.hl.co.uk/shares/shares-search-results/i/ishares-iv-plc-msci-china-a-ucits-etf-usd/company-information,"This stock can be held in a Stocks and Shares ISA, Lifetime ISA, SIPP or Fund and Share Account",ETF
600,MSCI EM IMI ESG Screened UCITS ETF Dis (GBP),IE00BFNM3N12,https://www.hl.co.uk/shares/shares-search-results/i/ishares-msci-em-imi-esg-screened-ucits-gbp/company-information,"This stock can be held in a Stocks and Shares ISA, Lifetime ISA, SIPP or Fund and Share Account",ETF
605,MSCI EMU ESG SCREENED UCITS ETF GBP A,IE00BFNM3B99,https://www.hl.co.uk/shares/shares-search-results/i/ishares-msci-emu-esg-screened-ucits-etf-a/company-information,"This stock can be held in a Stocks and Shares ISA, Lifetime ISA, SIPP or Fund and Share Account",ETF
610,MSCI Europe ESG Screened UCITS ETF Acc,IE00BFNM3D14,https://www.hl.co.uk/shares/shares-search-results/i/ishares-msci-europe-esg-screened-ucits-acc/company-information,"This stock can be held in a Stocks and Shares ISA, Lifetime ISA, SIPP or Fund and Share Account",ETF
615,MSCI India UCITS ETF USD Acc (GBP),IE00BZCQB185,https://www.hl.co.uk/shares/shares-search-results/i/ishares-iv-plc-msci-india-ucits-etf-acc/company-information,"This stock can be held in a Stocks and Shares ISA, Lifetime ISA, SIPP or Fund and Share Account",ETF
620,MSCI USA ESG Screened UCITS ETF (Acc),IE00BFNM3G45,https://www.hl.co.uk/shares/shares-search-results/i/ishares-msci-usa-esg-screened-ucits-etf-acc/company-information,"This stock can be held in a Stocks and Shares ISA, Lifetime ISA, SIPP or Fund and Share Account",ETF
625,MSCI World ESG Enhanced UCITS ETF Acc,IE00BHZPJ569,https://www.hl.co.uk/shares/shares-search-results/i/ishares-msci-world-esg-enhanced-ucits-gbp/company-information,"This stock can be held in a Stocks and Shares ISA, Lifetime ISA, SIPP or Fund and Share Account",ETF
630,MSCI World SRI UCITS ETF GBP Hedged (Dist),IE00BMZ17T93,https://www.hl.co.uk/shares/shares-search-results/i/ishares-msci-world-sri-ucits-etf-gbp-hedged/company-information,"This stock can be held in a Stocks and Shares ISA, Lifetime ISA, SIPP or Fund and Share Account",ETF
635,STOXX USA Equity Multifactor UCITS ETF USD (Acc),IE00BZ0PKS76,https://www.hl.co.uk/shares/shares-search-results/i/ishares-stoxx-usa-equity-multifactor-ucits/company-information,"This stock can be held in a Stocks and Shares ISA, Lifetime ISA, SIPP or Fund and Share Account",ETF
640,US Mortgage Backed Securities UCITS ETF,IE00BZ6V7883,https://www.hl.co.uk/shares/shares-search-results/i/ishares-us-mortgage-backed-securities-ucits/company-information,"This stock can be held in a Stocks and Shares ISA, Lifetime ISA, SIPP or Fund and Share Account",ETF
645,USD Short Duration High Yield Corp Bond UCITS ETF,IE00BCRY6003,https://www.hl.co.uk/shares/shares-search-results/i/ishares-usd-short-duration-high-yield-gbp/company-information,"This stock can be held in a Stocks and Shares ISA, Lifetime ISA, SIPP or Fund and Share Account",ETF
650,USD Ultrashort Bond UCITS ETF (Acc),IE00BGCSB447,https://www.hl.co.uk/shares/shares-search-results/i/ishares-iv-plc-usd-ultrashort-bond-ucits2/company-information,"This stock can be held in a Stocks and Shares ISA, Lifetime ISA, SIPP or Fund and Share Account",ETF
655,China Large Cap UCITS ETF,IE00B02KXK85,https://www.hl.co.uk/shares/shares-search-results/i/ishares-china-large-cap-ucits-etf/company-information,"This stock can be held in a Stocks and Shares ISA, Lifetime ISA, SIPP or Fund and Share Account",ETF
660,Core MSCI EM IMI UCITS ETF USD (Acc),IE00BKM4GZ66,https://www.hl.co.uk/shares/shares-search-results/i/ishares-plc-core-msci-em-imi-ucits-etf-usd/company-information,"This stock can be held in a Stocks and Shares ISA, Lifetime ISA, SIPP or Fund and Share Account",ETF
665,EUR High Yield Corp Bond UCITS ETF (Dist),IE00B66F4759,https://www.hl.co.uk/shares/shares-search-results/i/ishares-eur-high-yield-corp-bond-ucits-gbp/company-information,"This stock can be held in a Stocks and Shares ISA, Lifetime ISA, SIPP or Fund and Share Account",ETF
670,Euro Government Bond 1-3YR UCITS ETF Dist,IE00B14X4Q57,https://www.hl.co.uk/shares/shares-search-results/i/ishares-euro-government-bond-1-3yr-ucits-et/company-information,"This stock can be held in a Stocks and Shares ISA, Lifetime ISA, SIPP or Fund and Share Account",ETF
675,FTSE 250 UCITS ETF GBP (Dist),IE00B00FV128,https://www.hl.co.uk/shares/shares-search-results/i/ishares-ftse-250-ucits-etf-gbp-dist/company-information,"This stock can be held in a Stocks and Shares ISA, Lifetime ISA, SIPP or Fund and Share Account",ETF
680,Global High Yield Corp Bond UCITS ETF (Dist) Hdg,IE00BJSFQX44,https://www.hl.co.uk/shares/shares-search-results/i/ishares-global-high-yield-corp-bond-dist/company-information,"This stock can be held in a Stocks and Shares ISA, Lifetime ISA, SIPP or Fund and Share Account",ETF
685,Moderate Portfolio UCITS ETF GBP Hedged Acc,IE00BLLZQ797,https://www.hl.co.uk/shares/shares-search-results/i/ishares-moderate-portfolio-ucits-etf-gbp/company-information,"This stock can be held in a Stocks and Shares ISA, Lifetime ISA, SIPP or Fund and Share Account",ETF
690,MSCI Brazil UCITS ETF (Dist),IE00B0M63516,https://www.hl.co.uk/shares/shares-search-results/i/ishares-plc-msci-brazil-ucits-etf-dist/company-information,"This stock can be held in a Stocks and Shares ISA, Lifetime ISA, SIPP or Fund and Share Account",ETF
695,MSCI EMU Small Cap UCITS ETF,IE00B3VWMM18,https://www.hl.co.uk/shares/shares-search-results/i/ishares-plc-msci-emu-small-cap-ucits-etf/company-information,"This stock can be held in a Stocks and Shares ISA, Lifetime ISA, SIPP or Fund and Share Account",ETF
700,MSCI Korea (USD) UCITS ETF (Dist),IE00B0M63391,https://www.hl.co.uk/shares/shares-search-results/i/ishares-msci-korea-usd-ucits-etf-dist/company-information,"This stock can be held in a Stocks and Shares ISA, Lifetime ISA, SIPP or Fund and Share Account",ETF
705,MSCI Taiwan UCITS ETF (Dist),IE00B0M63623,https://www.hl.co.uk/shares/shares-search-results/i/ishares-msci-taiwan-ucits-etf-dist/company-information,"This stock can be held in a Stocks and Shares ISA, Lifetime ISA, SIPP or Fund and Share Account",ETF
710,Nasdaq US Biotechnology UCITS ETF USD Acc,IE00BYXG2H39,https://www.hl.co.uk/shares/shares-search-results/i/ishares-nasdaq-us-biotechnology-ucits-etf/company-information,"This stock can be held in a Stocks and Shares ISA, Lifetime ISA, SIPP or Fund and Share Account",ETF
715,USD Corp Bond Interest Rate Hedged UCITS ETF Dist,,https://www.hl.co.uk/shares/shares-search-results/BCLWRB8/company-information,,ETF
720,USD Corporate Bond UCITS ETF USD (Dist),IE0032895942,https://www.hl.co.uk/shares/shares-search-results/i/ishares-usd-corporate-bond-ucits-etf-usd/company-information,"This stock can be held in a Stocks and Shares ISA, Lifetime ISA, SIPP or Fund and Share Account",ETF
725,USD Treasury Bond 1-3yr UCITS ETF USD (Acc),IE00BYXPSP02,https://www.hl.co.uk/shares/shares-search-results/i/ishares-usd-treasury-bond-1-3yr-ucits-acc/company-information,"This stock can be held in a Stocks and Shares ISA, Lifetime ISA, SIPP or Fund and Share Account",ETF
730,EUR Corp Bond Interest Rate Hedged UCITS ETF Dist,IE00B6X2VY59,https://www.hl.co.uk/shares/shares-search-results/i/ishares-eur-corp-bond-interest-rate-hedged/company-information,"This stock can be held in a Stocks and Shares ISA, Lifetime ISA, SIPP or Fund and Share Account",ETF
735,JP Morgan USD EM Corp Bond UCITS ETF,IE00B6TLBW47,https://www.hl.co.uk/shares/shares-search-results/i/ishares-v-jp-morgan-usd-em-corp-bond-ucits/company-information,"This stock can be held in a Stocks and Shares ISA, Lifetime ISA, SIPP or Fund and Share Account",ETF
740,MSCI Poland UCITS ETF USD Acc (GBP),IE00B4M7GH52,https://www.hl.co.uk/shares/shares-search-results/i/ishares-v-plc-msci-poland-etf-usd-acc-gbp/company-information,"This stock can be held in a Stocks and Shares ISA, Lifetime ISA, SIPP or Fund and Share Account",ETF
745,S&P 500 Consumer Staples Sector UCITS ETF (GBP),IE00B40B8R38,https://www.hl.co.uk/shares/shares-search-results/i/ishares-v-plc-s-and-p-500-con-stap-ucits-etf/company-information,"This stock can be held in a Stocks and Shares ISA, Lifetime ISA, SIPP or Fund and Share Account",ETF
750,S&P 500 Industrials Sector UCITS ETF Acc,IE00B4LN9N13,https://www.hl.co.uk/shares/shares-search-results/i/ishares-s-and-p-500-industrials-sector-ucits-et/company-information,"This stock can be held in a Stocks and Shares ISA, Lifetime ISA, SIPP or Fund and Share Account",ETF
755,S&P US Banks UCITS ETF USD Acc,IE00BD3V0B10,https://www.hl.co.uk/shares/shares-search-results/i/ishares-v-plc-s-and-p-us-banks-ucits-etf-usd-ac/company-information,"This stock can be held in a Stocks and Shares ISA, Lifetime ISA, SIPP or Fund and Share Account",ETF
760,Edge MSCI EM Minimum Volatility UCITS ETF USD,IE00B8KGV557,https://www.hl.co.uk/shares/shares-search-results/i/ishares-edge-msci-em-min-volatility-ucits/company-information,"This stock can be held in a Stocks and Shares ISA, Lifetime ISA, SIPP or Fund and Share Account",ETF
765,Edge MSCI World Minimum Volatility UCITS ETF (USD),IE00B8FHGS14,https://www.hl.co.uk/shares/shares-search-results/i/ishares-edge-msci-world-min-volatility-usd/company-information,"This stock can be held in a Stocks and Shares ISA, Lifetime ISA, SIPP or Fund and Share Account",ETF
770,Global High Yield Corp Bond GBP Hedged UCITS ETF,IE00B8KQFS66,https://www.hl.co.uk/shares/shares-search-results/i/ishares-global-high-yield-corp-bond-gbp-hdg/company-information,"This stock can be held in a Stocks and Shares ISA, Lifetime ISA, SIPP or Fund and Share Account",ETF
775,MSCI Europe Consumer Staples Sector UCITS ETF,IE00BMW42074,https://www.hl.co.uk/shares/shares-search-results/i/ishares-msci-europe-consumer-staples-sector/company-information,"This stock can be held in a Stocks and Shares ISA, Lifetime ISA, SIPP or Fund and Share Account",ETF
780,MSCI Japan SRI UCITS ETF (GBP),IE00BYX8XC17,https://www.hl.co.uk/shares/shares-search-results/i/ishares-msci-japan-sri-ucits-etf-gbp/company-information,"This stock can be held in a Stocks and Shares ISA, Lifetime ISA, SIPP or Fund and Share Account",ETF
785,Core FTSE 100 UCITS ETF Acc,IE00B53HP851,https://www.hl.co.uk/shares/shares-search-results/i/ishares-core-ftse-100-ucits-etf-acc/company-information,"This stock can be held in a Stocks and Shares ISA, Lifetime ISA, SIPP or Fund and Share Account",ETF
790,Core S&P 500 UCITS ETF Acc (GBP),IE00B5BMR087,https://www.hl.co.uk/shares/shares-search-results/i/ishares-core-s-and-p-500-ucits-etf-acc-gbp/company-information,"This stock can be held in a Stocks and Shares ISA, Lifetime ISA, SIPP or Fund and Share Account",ETF
795,Europe Defence UCITS ETF EUR Acc,IE000IAXNM41,https://www.hl.co.uk/shares/shares-search-results/i/ishares-europe-defence-ucits-etf-eur-acc/company-information,"This stock can be held in a Stocks and Shares ISA, Lifetime ISA, SIPP or Fund and Share Account",ETF
800,MSCI Canada UCITS ETF Acc (USD),IE00B52SF786,https://www.hl.co.uk/shares/shares-search-results/i/ishares-msci-canada-ucits-etf-acc-usd/company-information,"This stock can be held in a Stocks and Shares ISA, Lifetime ISA, SIPP or Fund and Share Account",ETF
805,MSCI Mexico Capped UCITS ETF Acc (GBP),IE00B5WHFQ43,https://www.hl.co.uk/shares/shares-search-results/i/ishares-msci-mexico-capped-ucits-etf-acc/company-information,"This stock can be held in a Stocks and Shares ISA, Lifetime ISA, SIPP or Fund and Share Account",ETF
810,MSCI USA Small Cap ESG Enhanced CTB UCITS ETF,IE00B3VWM098,https://www.hl.co.uk/shares/shares-search-results/i/ishares-msci-usa-smll-cap-esg-enhnced-ucits/company-information,"This stock can be held in a Stocks and Shares ISA, Lifetime ISA, SIPP or Fund and Share Account",ETF
815,Russell 1000 Growth UCITS ETF USD (Acc),IE000NITTFF2,https://www.hl.co.uk/shares/shares-search-results/i/ishares-russell-1000-growth-ucits-etf-usd/company-information,"This stock can be held in a Stocks and Shares ISA, Lifetime ISA, SIPP or Fund and Share Account",ETF
820,USD Treasury Bond 3-7yr UCITS ETF (Acc),IE00B3VWN393,https://www.hl.co.uk/shares/shares-search-results/i/ishares-usd-treasury-bond-3-7yr-ucits-etf/company-information,"This stock can be held in a Stocks and Shares ISA, Lifetime ISA, SIPP or Fund and Share Account",ETF
825,AC Asia Pacific ex Japan REI Active UCITS ETF Acc,IE00BMDV7354,https://www.hl.co.uk/shares/shares-search-results/j/jpm-ac-asia-pacific-ex-japan-rei-ucits-etf/company-information,"This stock can be held in a Stocks and Shares ISA, Lifetime ISA, SIPP or Fund and Share Account",ETF
830,BetaBuilders US Treasury Bond 0-3 Months UCITS ETF,IE00BMD8KM66,https://www.hl.co.uk/shares/shares-search-results/j/jpm-betabuilders-us-treasury-bond-0-3-month/company-information,"This stock can be held in a Stocks and Shares ISA, Lifetime ISA, SIPP or Fund and Share Account",ETF
835,EUR Corp Bond Research Enhanced Index ESG UCITS,IE00BF59RX87,https://www.hl.co.uk/shares/shares-search-results/j/jpm-eur-corp-bond-research-enhanced-ind-gbp/company-information,"This stock can be held in a Stocks and Shares ISA, Lifetime ISA, SIPP or Fund and Share Account",ETF
840,Global Equity Multi-Factor UCITS ETF,IE00BJRCLL96,https://www.hl.co.uk/shares/shares-search-results/j/jpm-global-equity-multi-factor-ucits-etf/company-information,"This stock can be held in a Stocks and Shares ISA, Lifetime ISA, SIPP or Fund and Share Account",ETF
845,Global Research Enhanced Index Equity UCITS ETF,IE00BF4G6Y48,https://www.hl.co.uk/shares/shares-search-results/j/jpm-global-research-enhanced-index-equity/company-information,"This stock can be held in a Stocks and Shares ISA, Lifetime ISA, SIPP or Fund and Share Account",ETF
850,UK Equity Core UCITS ETF - Accumulation,IE0009YQE5W1,https://www.hl.co.uk/shares/shares-search-results/j/jpm-uk-equity-core-ucits-etf-acc/company-information,"This stock can be held in a Stocks and Shares ISA, Lifetime ISA, SIPP or Fund and Share Account",ETF
855,USD Emerging Markets Sovereign Bond UCITS ETF,IE00BJLTWS02,https://www.hl.co.uk/shares/shares-search-results/j/jpm-usd-emerging-markets-sovereign-bond/company-information,"This stock can be held in a Stocks and Shares ISA, Lifetime ISA, SIPP or Fund and Share Account",ETF
860,All Commodities UCITS ETF (GBP),IE00BF0BCP69,https://www.hl.co.uk/shares/shares-search-results/l/l-and-g-all-commodities-ucits-etf-gbp/company-information,"This stock can be held in a Stocks and Shares ISA, Lifetime ISA, SIPP or Fund and Share Account",ETF
865,China CNY Bond UCITS ETF (GBP),IE00BLRPQL76,https://www.hl.co.uk/shares/shares-search-results/l/l-and-g-china-cny-bond-ucits-etf-gbp/company-information,"This stock can be held in a Stocks and Shares ISA, Lifetime ISA, SIPP or Fund and Share Account",ETF
870,Cyber Security UCITS ETF ACC (USD),IE00BYPLS672,https://www.hl.co.uk/shares/shares-search-results/l/legal-and-general-cyber-security-ucits-etf/company-information,"This stock can be held in a Stocks and Shares ISA, Lifetime ISA, SIPP or Fund and Share Account",ETF
875,DAX Daily 2x Short UCITS ETF (GBP),IE00B4QNHZ41,https://www.hl.co.uk/shares/shares-search-results/l/l-and-g-dax-daily-2x-short-ucits-etf-gbp/company-information,"This stock can be held in a Stocks and Shares ISA, Lifetime ISA, SIPP or Fund and Share Account",ETF
880,Europe Ex UK EQTY UCITS ETF EUR (GBP),IE00BFXR5V83,https://www.hl.co.uk/shares/shares-search-results/l/l-and-g-europe-ex-uk-eqty-ucits-etf-eur-gbp/company-information,"This stock can be held in a Stocks and Shares ISA, Lifetime ISA, SIPP or Fund and Share Account",ETF
885,Global Quality Dividends UCITS ETF USD Dist,IE0005AJA0P1,https://www.hl.co.uk/shares/shares-search-results/l/legal-and-genreal-global-quality-dividends-uc/company-information,"This stock can be held in a Stocks and Shares ISA, Lifetime ISA, SIPP or Fund and Share Account",ETF
890,Hydrogen Economy UCITS ETF USD (GBP),IE00BMYDM794,https://www.hl.co.uk/shares/shares-search-results/l/l-and-g-hydrogen-economy-ucits-etf-usd-gbp/company-information,"This stock can be held in a Stocks and Shares ISA, Lifetime ISA, SIPP or Fund and Share Account",ETF
895,Longer Dated All Commodities UCITS ETF (USD),IE00B4WPHX27,https://www.hl.co.uk/shares/shares-search-results/l/l-and-g-longer-dated-all-commodities-ucits-usd/company-information,"This stock can be held in a Stocks and Shares ISA, Lifetime ISA, SIPP or Fund and Share Account",ETF
900,Quality Equity Dividends ESG Exc Europe UCITS ETF,IE00BMYDM919,https://www.hl.co.uk/shares/shares-search-results/l/l-and-g-quality-equity-dividends-esg-exclusions/company-information,"This stock can be held in a Stocks and Shares ISA, Lifetime ISA, SIPP or Fund and Share Account",ETF
905,UK Equity UCITS ETF (GBP) Acc,IE00BFXR5R48,https://www.hl.co.uk/shares/shares-search-results/l/l-and-g-uk-equity-ucits-etf-gbp-acc/company-information,"This stock can be held in a Stocks and Shares ISA, Lifetime ISA, SIPP or Fund and Share Account",ETF
910,2x Netflix ETP 31/12/67 GBP,IE00BD09ZW40,https://www.hl.co.uk/shares/shares-search-results/l/leverage-shares-2x-netflix-etp-311267-gbp/company-information,"This stock can be held in a Stocks and Shares ISA, Lifetime ISA, SIPP or Fund and Share Account",ETF
915,Europe ESG Machine Learning UCITS ETF 1C,LU0599612842,https://www.hl.co.uk/shares/shares-search-results/o/ossiam-europe-esg-machine-learning-ucits/company-information,"This stock can be held in a Stocks and Shares ISA, Lifetime ISA, SIPP or Fund and Share Account",ETF
920,STOXX Europe 600 ESG Equal Weight NR UCITS ETF 1C,LU0599613147,https://www.hl.co.uk/shares/shares-search-results/o/ossiam-stoxx-europe-600-esg-equal-weight-nr/company-information,"This stock can be held in a Stocks and Shares ISA, Lifetime ISA, SIPP or Fund and Share Account",ETF
925,Short-Term High Yield Corp Bond Index Source UCITS,IE00B7N3YW49,https://www.hl.co.uk/shares/shares-search-results/p/pimco-short-term-high-yield-corp-bond-gbp/company-information,"This stock can be held in a Stocks and Shares ISA, Lifetime ISA, SIPP or Fund and Share Account",ETF
930,Circular Economy Enablers UCITS ETF,IE000RMSPY39,https://www.hl.co.uk/shares/shares-search-results/r/rize-circular-economy-enablers-ucits-etf/company-information,"This stock can be held in a Stocks and Shares ISA, Lifetime ISA, SIPP or Fund and Share Account",ETF
935,Global Equity Active UCITS ETF USD ACC,IE000BNLRWE6,https://www.hl.co.uk/shares/shares-search-results/s/schroder-global-equity-active-ucits-etf-usd/company-information,"This stock can be held in a Stocks and Shares ISA, Lifetime ISA, SIPP or Fund and Share Account",ETF
940,Bloomberg 0-5 Year Sterling Corp Bond UCITS ETF,IE00BCBJF711,https://www.hl.co.uk/shares/shares-search-results/s/spdr-bloomberg-0-5-year-sterling-corp-bond/company-information,"This stock can be held in a Stocks and Shares ISA, Lifetime ISA, SIPP or Fund and Share Account",ETF
945,Bloomberg Emerging Markets Local Bond UCITS ETF,IE00B4613386,https://www.hl.co.uk/shares/shares-search-results/s/spdr-bloomberg-em-markets-local-bond-ucits/company-information,"This stock can be held in a Stocks and Shares ISA, Lifetime ISA, SIPP or Fund and Share Account",ETF
950,Bloomberg Sterling Corporate Bond UCITS ETF,IE00B4694Z11,https://www.hl.co.uk/shares/shares-search-results/s/spdr-bloomberg-sterling-corporate-bond-ucit/company-information,"This stock can be held in a Stocks and Shares ISA, Lifetime ISA, SIPP or Fund and Share Account",ETF
955,FTSE Global Convertible Bond UCITS ETF (GBP),IE00BNH72088,https://www.hl.co.uk/shares/shares-search-results/s/spdr-ftse-global-convertible-bond-ucits-gbp/company-information,"This stock can be held in a Stocks and Shares ISA, Lifetime ISA, SIPP or Fund and Share Account",ETF
960,Morningstar Multi-Asset Global Infra UCITS ETF,IE00BQWJFQ70,https://www.hl.co.uk/shares/shares-search-results/s/spdr-morningstar-multi-asset-global-infra/company-information,"This stock can be held in a Stocks and Shares ISA, Lifetime ISA, SIPP or Fund and Share Account",ETF
965,MSCI Emerging Markets UCITS ETF,IE00B469F816,https://www.hl.co.uk/shares/shares-search-results/s/spdr-msci-emerging-markets-ucits-etf-usd/company-information,"This stock can be held in a Stocks and Shares ISA, Lifetime ISA, SIPP or Fund and Share Account",ETF
970,MSCI Europe Energy UCITS ETF (GBP),IE00BKWQ0F09,https://www.hl.co.uk/shares/shares-search-results/s/spdr-msci-europe-energy-ucits-etf-gbp/company-information,"This stock can be held in a Stocks and Shares ISA, Lifetime ISA, SIPP or Fund and Share Account",ETF
975,MSCI Europe Health Care UCITS ETF,IE00BKWQ0H23,https://www.hl.co.uk/shares/shares-search-results/s/spdr-msci-europe-health-care-ucits-etf/company-information,"This stock can be held in a Stocks and Shares ISA, Lifetime ISA, SIPP or Fund and Share Account",ETF
980,MSCI Europe Utilities UCITS ETF,IE00BKWQ0P07,https://www.hl.co.uk/shares/shares-search-results/s/spdr-msci-europe-utilities-ucits-etf/company-information,"This stock can be held in a Stocks and Shares ISA, Lifetime ISA, SIPP or Fund and Share Account",ETF
985,MSCI World Communication Services UCITS ETF USD,IE00BYTRRG40,https://www.hl.co.uk/shares/shares-search-results/s/spdr-msci-world-communication-services-ucit/company-information,"This stock can be held in a Stocks and Shares ISA, Lifetime ISA, SIPP or Fund and Share Account",ETF
990,MSCI World Financials UCITS ETF USD,IE00BYTRR970,https://www.hl.co.uk/shares/shares-search-results/s/spdr-msci-world-financials-ucits-etf-usd/company-information,"This stock can be held in a Stocks and Shares ISA, Lifetime ISA, SIPP or Fund and Share Account",ETF
995,MSCI World Technology UCITS ETF (USD),IE00BYTRRD19,https://www.hl.co.uk/shares/shares-search-results/s/spdr-msci-world-technology-ucits-etf-usd/company-information,"This stock can be held in a Stocks and Shares ISA, Lifetime ISA, SIPP or Fund and Share Account",ETF
1000,S&P 400 US Mid Cap UCITS ETF (USD),IE00B4YBJ215,https://www.hl.co.uk/shares/shares-search-results/s/spdr-s-and-p-400-us-mid-cap-ucits-etf-usd/company-information,"This stock can be held in a Stocks and Shares ISA, Lifetime ISA, SIPP or Fund and Share Account",ETF
1005,S&P 500 UCITS ETF USD Acc,IE000XZSV718,https://www.hl.co.uk/shares/shares-search-results/s/spdr-s-and-p-500-ucits-etf-usd-acc/company-information,"This stock can be held in a Stocks and Shares ISA, Lifetime ISA, SIPP or Fund and Share Account",ETF
1010,S&P Pan Asia Dividend Aristocrats UCITS ETF,IE00B9KNR336,https://www.hl.co.uk/shares/shares-search-results/s/spdr-s-and-p-pan-asia-dividend-aristocrats/company-information,"This stock can be held in a Stocks and Shares ISA, Lifetime ISA, SIPP or Fund and Share Account",ETF
1015,S&P US Consumer Staples Select Sector UCITS ETF,IE00BWBXM385,https://www.hl.co.uk/shares/shares-search-results/s/spdr-s-and-p-us-consumer-staples-select-sector/company-information,"This stock can be held in a Stocks and Shares ISA, Lifetime ISA, SIPP or Fund and Share Account",ETF
1020,S&P US Industrials Select Sector UCITS ETF,IE00BWBXM724,https://www.hl.co.uk/shares/shares-search-results/s/spdr-s-and-p-us-industrials-select-sector-ucits/company-information,"This stock can be held in a Stocks and Shares ISA, Lifetime ISA, SIPP or Fund and Share Account",ETF
1025,FTSE EPRA Europe ex UK Real Estate UCITS ETF,IE00BSJCQV56,https://www.hl.co.uk/shares/shares-search-results/s/spdr-ftse-epra-europe-ex-uk-real-estate-uci/company-information,"This stock can be held in a Stocks and Shares ISA, Lifetime ISA, SIPP or Fund and Share Account",ETF
1030,SPDR MSCI World GBP Hdg UCITS ETF,IE0005POVJH8,https://www.hl.co.uk/shares/shares-search-results/s/spdr-msci-world-gbp-hdg-ucits-etf/company-information,"This stock can be held in a Stocks and Shares ISA, Lifetime ISA, SIPP or Fund and Share Account",ETF
1035,CMCI Commodity Carry SF UCITS ETF USD acc (GBP),IE00BKFB6L02,https://www.hl.co.uk/shares/shares-search-results/u/ubs-cmci-commodity-carry-sf-ucits-etf-usd-a/company-information,"This stock can be held in a Stocks and Shares ISA, Lifetime ISA, SIPP or Fund and Share Account",ETF
1040,Core MSCI World UCITS ETF USD acc (GBP),IE00BD4TXV59,https://www.hl.co.uk/shares/shares-search-results/u/ubs-core-msci-world-ucits-etf-usd-acc-gbp/company-information,"This stock can be held in a Stocks and Shares ISA, Lifetime ISA, SIPP or Fund and Share Account",ETF
1045,Factor MSCI USA Prime Value Screened UCITS ETF USD,,https://www.hl.co.uk/shares/shares-search-results/BYTLLR5/company-information,,ETF
1050,Global Gender Equality UCITS ETF USD acc (GBP),IE00BDR5GV14,https://www.hl.co.uk/shares/shares-search-results/u/ubs-global-gender-equality-ucits-etf-usd-ac/company-information,"This stock can be held in a Stocks and Shares ISA, Lifetime ISA, SIPP or Fund and Share Account",ETF
1055,MSCI China A SF UCITS ETF USD acc (GBP),IE00BKFB6K94,https://www.hl.co.uk/shares/shares-search-results/u/ubs-msci-china-a-sf-ucits-etf-usd-acc-gbp/company-information,"This stock can be held in a Stocks and Shares ISA, Lifetime ISA, SIPP or Fund and Share Account",ETF
1060,MSCI World Socially Responsible UCITS ETF USD dis,IE00BK72HH44,https://www.hl.co.uk/shares/shares-search-results/u/ubs-msci-world-socially-responsible-ucits-e/company-information,"This stock can be held in a Stocks and Shares ISA, Lifetime ISA, SIPP or Fund and Share Account",ETF
1065,EURO STOXX 50 UCITS ETF EUR dis (EUR),LU0136234068,https://www.hl.co.uk/shares/shares-search-results/u/ubs-euro-stoxx-50-ucits-etf-eur-dis-eur/company-information,"This stock can be held in a Stocks and Shares ISA, Lifetime ISA, SIPP or Fund and Share Account",ETF
1070,BBG TIPS 10+ UCITS ETF USD dis (GBP),LU1459802754,https://www.hl.co.uk/shares/shares-search-results/u/ubs-bbg-tips-10-ucits-etf-usd-dis-gbp/company-information,"This stock can be held in a Stocks and Shares ISA, Lifetime ISA, SIPP or Fund and Share Account",ETF
1075,Core BBG US Treasury 1-3 UCITS ETF USD dis (GBP),LU0721552544,https://www.hl.co.uk/shares/shares-search-results/u/ubs-core-bbg-us-treasury-1-3-ucits-etf-usd/company-information,"This stock can be held in a Stocks and Shares ISA, Lifetime ISA, SIPP or Fund and Share Account",ETF
1080,Core MSCI Europe UCITS ETF EUR dis (GBP),LU0446734104,https://www.hl.co.uk/shares/shares-search-results/u/ubs-core-msci-europe-ucits-etf-eur-dis-gbp/company-information,"This stock can be held in a Stocks and Shares ISA, Lifetime ISA, SIPP or Fund and Share Account",ETF
1085,J.P. Morgan USD EM Diversified Bond 1-5 UCITS ETF,LU1645386647,https://www.hl.co.uk/shares/shares-search-results/u/ubs-j.p.-morgan-usd-em-diversified-bond-1-5/company-information,"This stock can be held in a Stocks and Shares ISA, Lifetime ISA, SIPP or Fund and Share Account",ETF
1090,MSCI EMU Small Cap UCITS ETF EUR dis (GBP),LU0671493277,https://www.hl.co.uk/shares/shares-search-results/u/ubs-msci-emu-small-cap-ucits-etf-eur-dis-g/company-information,"This stock can be held in a Stocks and Shares ISA, Lifetime ISA, SIPP or Fund and Share Account",ETF
1095,MSCI Pacific ex Japan UCITS ETF USD dis (GBP),LU0446734526,https://www.hl.co.uk/shares/shares-search-results/u/ubs-msci-pacific-ex-japan-ucits-etf-usd-dis/company-information,"This stock can be held in a Stocks and Shares ISA, Lifetime ISA, SIPP or Fund and Share Account",ETF
1100,MSCI World Socially Responsible UCITS ETF USD dis,,https://www.hl.co.uk/shares/shares-search-results/B8NZ739/company-information,,ETF
1105,SMI ETF CHF dis,CH0017142719,https://www.hl.co.uk/shares/shares-search-results/u/ubs-smi-etf-chf-dis/company-information,"This stock can be held in a Stocks and Shares ISA, Lifetime ISA, SIPP or Fund and Share Account",ETF
1110,Developed Markets Dividend Leaders UCITS ETF,NL0011683594,https://www.hl.co.uk/shares/shares-search-results/v/vaneck-morningstar-dm-dividend-leaders-ucit/company-information,"This stock can be held in a Stocks and Shares ISA, Lifetime ISA, SIPP or Fund and Share Account",ETF
1115,Global Fallen Angel High Yield Bond UCITS ETF USD,IE00BF540Z61,https://www.hl.co.uk/shares/shares-search-results/v/vaneck-global-fallen-angel-high-yield-usd/company-information,"This stock can be held in a Stocks and Shares ISA, Lifetime ISA, SIPP or Fund and Share Account",ETF
1120,Junior Gold Miners UCITS ETF (GBP),IE00BQQP9G91,https://www.hl.co.uk/shares/shares-search-results/v/vaneck-junior-gold-miners-ucits-etf-gbp/company-information,"This stock can be held in a Stocks and Shares ISA, Lifetime ISA, SIPP or Fund and Share Account",ETF
1125,Morningstar US SMID Moat UCITS ETF A Acc,IE000SBU19F7,https://www.hl.co.uk/shares/shares-search-results/v/vaneck-morningstar-us-smid-moat-ucits-etf/company-information,"This stock can be held in a Stocks and Shares ISA, Lifetime ISA, SIPP or Fund and Share Account",ETF
1130,Quantum Computing UCITS ETF A USD Acc,IE0007Y8Y157,https://www.hl.co.uk/shares/shares-search-results/v/vaneck-quantum-computing-ucits-etf-a-usd-ac/company-information,"This stock can be held in a Stocks and Shares ISA, Lifetime ISA, SIPP or Fund and Share Account",ETF
1135,Space Innovators UCITS ETF A USD Acc,IE000YU9K6K2,https://www.hl.co.uk/shares/shares-search-results/v/vaneck-space-innovators-ucits-etf-acc/company-information,"This stock can be held in a Stocks and Shares ISA, Lifetime ISA, SIPP or Fund and Share Account",ETF
1140,Video Gaming and eSports UCITS ETF A GBP,IE00BYWQWR46,https://www.hl.co.uk/shares/shares-search-results/v/vaneck-video-gaming-and-esports-ucits-gbp/company-information,"This stock can be held in a Stocks and Shares ISA, Lifetime ISA, SIPP or Fund and Share Account",ETF
1145,ESG Developed Europe All Cap UCITS ETF Acc,IE000QUOSE01,https://www.hl.co.uk/shares/shares-search-results/v/vanguard-esg-developed-europe-all-cap-ucits2/company-information,"This stock can be held in a Stocks and Shares ISA, Lifetime ISA, SIPP or Fund and Share Account",ETF
1150,ESG Global All Cap UCITS ETF - Dist,IE00BNG8L385,https://www.hl.co.uk/shares/shares-search-results/v/vanguard-esg-global-all-cap-ucits-etf-dis/company-information,"This stock can be held in a Stocks and Shares ISA, Lifetime ISA, SIPP or Fund and Share Account",ETF
1155,EUR Corporate Bond UCITS ETF,IE00BZ163G84,https://www.hl.co.uk/shares/shares-search-results/v/vanguard-funds-plc-eur-corporate-bond-ucits/company-information,"This stock can be held in a Stocks and Shares ISA, Lifetime ISA, SIPP or Fund and Share Account",ETF
1160,FTSE All World High Dividend Yield UCITS ETF,IE00BK5BR626,https://www.hl.co.uk/shares/shares-search-results/v/vanguard-funds-ftse-aw-hi-div-yld-ucits-etf/company-information,"This stock can be held in a Stocks and Shares ISA, Lifetime ISA, SIPP or Fund and Share Account",ETF
1165,FTSE Developed Asia Pacific ex Japan UCITS ETF,IE00BK5BQZ41,https://www.hl.co.uk/shares/shares-search-results/v/vanguard-ftse-developed-asia-pacific-ex-jap/company-information,"This stock can be held in a Stocks and Shares ISA, Lifetime ISA, SIPP or Fund and Share Account",ETF
1170,FTSE Developed Europe UCITS ETF EUR Accumulation,IE00BK5BQX27,https://www.hl.co.uk/shares/shares-search-results/v/vanguard-ftse-developed-europe-ucits-etf-ac/company-information,"This stock can be held in a Stocks and Shares ISA, Lifetime ISA, SIPP or Fund and Share Account",ETF
1175,FTSE Japan Equity UCITS ETF,IE00B95PGT31,https://www.hl.co.uk/shares/shares-search-results/v/vanguard-funds-plc-ftse-japan-equity/company-information,"This stock can be held in a Stocks and Shares ISA, Lifetime ISA, SIPP or Fund and Share Account",ETF
1180,Global Aggreg Bond UCITS ETF GBP H Acc,IE00BG47K971,https://www.hl.co.uk/shares/shares-search-results/v/vanguard-global-aggreg-bond-ucits-etf-h-acc/company-information,"This stock can be held in a Stocks and Shares ISA, Lifetime ISA, SIPP or Fund and Share Account",ETF
1185,UK Gilt UCITS ETF - Accumulation,IE00BH04GW44,https://www.hl.co.uk/shares/shares-search-results/v/vanguard-uk-gilt-ucits-etf-accumulation/company-information,"This stock can be held in a Stocks and Shares ISA, Lifetime ISA, SIPP or Fund and Share Account",ETF
1190,USD Corporate Bond UCITS ETF - Acc,IE00BGYWFK87,https://www.hl.co.uk/shares/shares-search-results/v/vanguard-usd-corporate-bond-ucits-etf-acc/company-information,"This stock can be held in a Stocks and Shares ISA, Lifetime ISA, SIPP or Fund and Share Account",ETF
1195,Listed Private Equity UCITS ETF Acc,IE0008ZGI5C1,https://www.hl.co.uk/shares/shares-search-results/n/northern-trust-listed-private-equity-ucits/company-information,"This stock can be held in a Stocks and Shares ISA, Lifetime ISA, SIPP or Fund and Share Account",ETF
1200,Brent Crude Oil ETF (GBP),JE00B78CGV99,https://www.hl.co.uk/shares/shares-search-results/w/wisdomtree-brent-crude-oil-etf-gbp/company-information,"This stock can be held in a Stocks and Shares ISA, Lifetime ISA, SIPP or Fund and Share Account",ETF
1205,EM ex-State-Owned ESG Screened UCITS ETF,IE00BM9TSP27,https://www.hl.co.uk/shares/shares-search-results/w/wisdomtree-em-ex-st-owd-scr-ucits-etf/company-information,"This stock can be held in a Stocks and Shares ISA, Lifetime ISA, SIPP or Fund and Share Account",ETF
1210,Enhanced Commodity UCITS ETF (GBP),IE00BYMLZY74,https://www.hl.co.uk/shares/shares-search-results/w/wisdomtree-enhanced-commodity-ucits-etf-gbp/company-information,"This stock can be held in a Stocks and Shares ISA, Lifetime ISA, SIPP or Fund and Share Account",ETF
1215,Europe SmallCap Dividend UCITS ETF,IE00BQZJC527,https://www.hl.co.uk/shares/shares-search-results/w/wisdomtree-issuer-europe-smallcap-dividend/company-information,"This stock can be held in a Stocks and Shares ISA, Lifetime ISA, SIPP or Fund and Share Account",ETF
1220,Global Quality Dividend Growth UCITS ETF Hedged,IE000LRRPK60,https://www.hl.co.uk/shares/shares-search-results/w/wisdomtree-global-quality-dividend-growth/company-information,"This stock can be held in a Stocks and Shares ISA, Lifetime ISA, SIPP or Fund and Share Account",ETF
1225,UK Quality Dividend Growth UCITS ETF,IE0003UH9270,https://www.hl.co.uk/shares/shares-search-results/w/wisdomtree-uk-quality-dividend-growth-ucits/company-information,"This stock can be held in a Stocks and Shares ISA, Lifetime ISA, SIPP or Fund and Share Account",ETF
1230,US Quality Dividend Growth UCITS ETF Acc,IE00BZ56RG20,https://www.hl.co.uk/shares/shares-search-results/w/wisdomtree-us-quality-dividend-growth-ucits/company-information,"This stock can be held in a Stocks and Shares ISA, Lifetime ISA, SIPP or Fund and Share Account",ETF
1235,Europe Defence UCITS ETF Acc,IE0002Y8CX98,https://www.hl.co.uk/shares/shares-search-results/w/wisdomtree-europe-defence-ucits-etf-acc/company-information,"This stock can be held in a Stocks and Shares ISA, Lifetime ISA, SIPP or Fund and Share Account",ETF
1240,Strategic Metals and Rare Earths Miners UCITS ETF,IE000KHX9DX6,https://www.hl.co.uk/shares/shares-search-results/w/wisdomtree-strategic-metals-and-rare-earths/company-information,"This stock can be held in a Stocks and Shares ISA, Lifetime ISA, SIPP or Fund and Share Account",ETF
1245,CSI300 UCITS ETF Class 1C,LU0779800910,https://www.hl.co.uk/shares/shares-search-results/x/xtrackers-csi300-ucits-etf-class-1c/company-information,"This stock can be held in a Stocks and Shares ISA, Lifetime ISA, SIPP or Fund and Share Account",ETF
1250,Euro STOXX 50 UCITS ETF (DR) 1D,LU0274211217,https://www.hl.co.uk/shares/shares-search-results/x/xtrackers-euro-stoxx-50-ucits-dr-1d/company-information,"This stock can be held in a Stocks and Shares ISA, Lifetime ISA, SIPP or Fund and Share Account",ETF
1255,FTSE 100 UCITS ETF (DR) - Income,LU0292097234,https://www.hl.co.uk/shares/shares-search-results/x/xtrackers-ftse-100-ucits-dr-income/company-information,"This stock can be held in a Stocks and Shares ISA, Lifetime ISA, SIPP or Fund and Share Account",ETF
1260,GBP Overnight Rate Swap UCITS ETF 1D,LU0321464652,https://www.hl.co.uk/shares/shares-search-results/x/xtrackers-gbp-overnight-rate-swap-ucits-etf/company-information,"This stock can be held in a Stocks and Shares ISA, Lifetime ISA, SIPP or Fund and Share Account",ETF
1265,Harvest China Government Bond UCITS ETF 1D,LU1094612022,https://www.hl.co.uk/shares/shares-search-results/x/xtrackers-harvest-china-government-bond/company-information,"This stock can be held in a Stocks and Shares ISA, Lifetime ISA, SIPP or Fund and Share Account",ETF
1270,MDAX ESG Screened UCITS ETF,IE00B9MRJJ36,https://www.hl.co.uk/shares/shares-search-results/x/xtrackers-mdax-esg-screened-ucits-etf/company-information,"This stock can be held in a Stocks and Shares ISA, Lifetime ISA, SIPP or Fund and Share Account",ETF
1275,MSCI Canada Index ESG Screened UCITS ETF (DR),LU0476289540,https://www.hl.co.uk/shares/shares-search-results/x/xtrackers-msci-canada-index-esg-screened/company-information,"This stock can be held in a Stocks and Shares ISA, Lifetime ISA, SIPP or Fund and Share Account",ETF
1280,MSCI EM LATAM ESG INDEX UCITS ETF,LU0292108619,https://www.hl.co.uk/shares/shares-search-results/x/xtrackers-msci-em-latam-esg-index-ucits-etf/company-information,"This stock can be held in a Stocks and Shares ISA, Lifetime ISA, SIPP or Fund and Share Account",ETF
1285,MSCI Emerging Markets UCITS ETF 1C (GBP),IE00BTJRMP35,https://www.hl.co.uk/shares/shares-search-results/x/xtrackers-msci-emerging-markets-ucits-etf/company-information,"This stock can be held in a Stocks and Shares ISA, Lifetime ISA, SIPP or Fund and Share Account",ETF
1290,MSCI Europe Financials ESG Screened UCITS ETF,LU0292103651,https://www.hl.co.uk/shares/shares-search-results/x/xtrackers-msci-europe-financials-esg-screen/company-information,"This stock can be held in a Stocks and Shares ISA, Lifetime ISA, SIPP or Fund and Share Account",ETF
1295,MSCI Europe Screened UCITS ETF,LU0322253732,https://www.hl.co.uk/shares/shares-search-results/x/xtrackers-msci-europe-screened-ucits-etf/company-information,"This stock can be held in a Stocks and Shares ISA, Lifetime ISA, SIPP or Fund and Share Account",ETF
1300,MSCI India Index UCITS ETF,LU0514695187,https://www.hl.co.uk/shares/shares-search-results/x/xtrackers-msci-india-index-ucits-etf/company-information,"This stock can be held in a Stocks and Shares ISA, Lifetime ISA, SIPP or Fund and Share Account",ETF
1305,MSCI Japan ESG UCITS ETF 1C,IE00BG36TC12,https://www.hl.co.uk/shares/shares-search-results/x/xtrackers-msci-japan-esg-ucits-etf-1c/company-information,"This stock can be held in a Stocks and Shares ISA, Lifetime ISA, SIPP or Fund and Share Account",ETF
1310,MSCI Malaysia Index UCITS ETF (DR),LU0514694370,https://www.hl.co.uk/shares/shares-search-results/x/xtrackers-msci-malaysia-index-etf-dr/company-information,"This stock can be held in a Stocks and Shares ISA, Lifetime ISA, SIPP or Fund and Share Account",ETF
1315,MSCI North America High Dividend Yield UCITS ETF,IE00BH361H73,https://www.hl.co.uk/shares/shares-search-results/x/xtrackers-msci-north-america-high-dividend/company-information,"This stock can be held in a Stocks and Shares ISA, Lifetime ISA, SIPP or Fund and Share Account",ETF
1320,MSCI Taiwan Index UCITS ETF (DR),LU0292109187,https://www.hl.co.uk/shares/shares-search-results/x/xtrackers-msci-taiwan-index-ucits/company-information,"This stock can be held in a Stocks and Shares ISA, Lifetime ISA, SIPP or Fund and Share Account",ETF
1325,MSCI USA ESG Screened UCITS ETF 1C,IE00BJZ2DC62,https://www.hl.co.uk/shares/shares-search-results/x/xtrackers-msci-usa-esg-screened-ucits-etf/company-information,"This stock can be held in a Stocks and Shares ISA, Lifetime ISA, SIPP or Fund and Share Account",ETF
1330,MSCI USA Index UCITS ETF,LU0274210672,https://www.hl.co.uk/shares/shares-search-results/x/xtrackers-msci-usa-index-ucits-etf/company-information,"This stock can be held in a Stocks and Shares ISA, Lifetime ISA, SIPP or Fund and Share Account",ETF
1335,MSCI World Consumer Staples UCITS ETF 1C,IE00BM67HN09,https://www.hl.co.uk/shares/shares-search-results/x/xtrackers-msci-world-consumer-staples-ucits/company-information,"This stock can be held in a Stocks and Shares ISA, Lifetime ISA, SIPP or Fund and Share Account",ETF
1340,MSCI World Health Care UCITS ETF 1C,IE00BM67HK77,https://www.hl.co.uk/shares/shares-search-results/x/xtrackers-msci-world-health-care-ucits-etf/company-information,"This stock can be held in a Stocks and Shares ISA, Lifetime ISA, SIPP or Fund and Share Account",ETF
1345,MSCI World Minimum Volatility UCITS ETF 1C,IE00BL25JN58,https://www.hl.co.uk/shares/shares-search-results/x/xtrackers-msci-world-minimum-volatility-uci/company-information,"This stock can be held in a Stocks and Shares ISA, Lifetime ISA, SIPP or Fund and Share Account",ETF
1350,MSCI World Utilities UCITS ETF 1C,IE00BM67HQ30,https://www.hl.co.uk/shares/shares-search-results/x/xtrackers-msci-world-utilities-ucits-etf-1c/company-information,"This stock can be held in a Stocks and Shares ISA, Lifetime ISA, SIPP or Fund and Share Account",ETF
1355,Russell 2000 UCITS ETF 1C,IE00BJZ2DD79,https://www.hl.co.uk/shares/shares-search-results/x/xtrackers-russell-2000-ucits-etf-1c/company-information,"This stock can be held in a Stocks and Shares ISA, Lifetime ISA, SIPP or Fund and Share Account",ETF
1360,S&P 500 Inverse Daily UCITS ETF,LU0322251520,https://www.hl.co.uk/shares/shares-search-results/x/xtrackers-s-and-p-500-inverse-daily-ucits/company-information,"This stock can be held in a Stocks and Shares ISA, Lifetime ISA, SIPP or Fund and Share Account",ETF
1365,S&P Select Frontier UCITS ETF,LU0328476410,https://www.hl.co.uk/shares/shares-search-results/x/xtrackers-s-and-p-select-frontier/company-information,"This stock can be held in a Stocks and Shares ISA, Lifetime ISA, SIPP or Fund and Share Account",ETF
1370,Stoxx Europe 600 UCITS ETF (DR),LU0328475792,https://www.hl.co.uk/shares/shares-search-results/x/xtrackers-stoxx-europe-600-ucits-dr/company-information,"This stock can be held in a Stocks and Shares ISA, Lifetime ISA, SIPP or Fund and Share Account",ETF
1375,USD High Yield Corporate Bond UCITS ETF 1D,IE00BDR5HM97,https://www.hl.co.uk/shares/shares-search-results/x/xtrackers-usd-high-yield-corporate-bond-uci/company-information,"This stock can be held in a Stocks and Shares ISA, Lifetime ISA, SIPP or Fund and Share Account",ETF
1380,X Commodity Ex Agri Swap USD UCITS ETF,LU0460391732,https://www.hl.co.uk/shares/shares-search-results/x/xtrackers-x-commodity-ex-agri-swap-ucits-us/company-information,"This stock can be held in a Stocks and Shares ISA, Lifetime ISA, SIPP or Fund and Share Account",ETF
1385,Nasdaq 100 UCITS ETF 1C USD,IE00BMFKG444,https://www.hl.co.uk/shares/shares-search-results/x/xtrackers-nasdaq-100-ucits-etf-1c-usd/company-information,"This stock can be held in a Stocks and Shares ISA, Lifetime ISA, SIPP or Fund and Share Account",ETF
1390,Eurozone Gov Bond Short Daily Swap UCITS ETF,LU0321463258,https://www.hl.co.uk/shares/shares-search-results/x/xtrackers-ii-eurozone-government-bond-short/company-information,"This stock can be held in a Stocks and Shares ISA, Lifetime ISA, SIPP or Fund and Share Account",ETF
